[{"model": "admin.logentry", "pk": 1, "fields": {"action_time": "2021-08-08T10:41:29.366Z", "user": 1, "content_type": 7, "object_id": "1", "object_repr": "fixit.example.com", "action_flag": 2, "change_message": "[{\"changed\": {\"fields\": [\"Domain name\", \"Display name\"]}}]"}}, {"model": "admin.logentry", "pk": 2, "fields": {"action_time": "2021-08-08T10:56:06.191Z", "user": 1, "content_type": 8, "object_id": "2", "object_repr": "administrator@fixit.com", "action_flag": 1, "change_message": "[{\"added\": {}}]"}}, {"model": "admin.logentry", "pk": 3, "fields": {"action_time": "2021-08-08T10:56:31.529Z", "user": 1, "content_type": 8, "object_id": "1", "object_repr": "admin@fixit.com", "action_flag": 2, "change_message": "[{\"changed\": {\"fields\": [\"Verified\", \"Primary\"]}}]"}}, {"model": "admin.logentry", "pk": 4, "fields": {"action_time": "2021-08-08T10:56:52.843Z", "user": 1, "content_type": 8, "object_id": "2", "object_repr": "administrator@fixit.com", "action_flag": 3, "change_message": ""}}, {"model": "admin.logentry", "pk": 5, "fields": {"action_time": "2021-08-15T16:53:46.590Z", "user": 1, "content_type": 13, "object_id": "1", "object_repr": "electrical", "action_flag": 1, "change_message": "[{\"added\": {}}]"}}, {"model": "admin.logentry", "pk": 6, "fields": {"action_time": "2021-08-15T16:54:29.136Z", "user": 1, "content_type": 13, "object_id": "2", "object_repr": "gardening", "action_flag": 1, "change_message": "[{\"added\": {}}]"}}, {"model": "admin.logentry", "pk": 7, "fields": {"action_time": "2021-08-15T16:55:00.429Z", "user": 1, "content_type": 13, "object_id": "3", "object_repr": "bathroom", "action_flag": 1, "change_message": "[{\"added\": {}}]"}}, {"model": "admin.logentry", "pk": 8, "fields": {"action_time": "2021-08-15T16:55:09.593Z", "user": 1, "content_type": 13, "object_id": "4", "object_repr": "tools", "action_flag": 1, "change_message": "[{\"added\": {}}]"}}, {"model": "admin.logentry", "pk": 9, "fields": {"action_time": "2021-08-15T17:18:14.568Z", "user": 1, "content_type": 14, "object_id": "1", "object_repr": "Energy Bulb", "action_flag": 1, "change_message": "[{\"added\": {}}]"}}, {"model": "admin.logentry", "pk": 10, "fields": {"action_time": "2021-08-15T17:18:45.817Z", "user": 1, "content_type": 14, "object_id": "1", "object_repr": "Energy Bulb", "action_flag": 2, "change_message": "[{\"changed\": {\"fields\": [\"Image\"]}}]"}}, {"model": "admin.logentry", "pk": 11, "fields": {"action_time": "2021-08-15T17:19:23.316Z", "user": 1, "content_type": 14, "object_id": "1", "object_repr": "Energy Bulb", "action_flag": 2, "change_message": "[]"}}, {"model": "admin.logentry", "pk": 12, "fields": {"action_time": "2021-08-16T22:38:49.414Z", "user": 1, "content_type": 14, "object_id": "2", "object_repr": "Bestplug EU to UK Plug Adapter", "action_flag": 1, "change_message": "[{\"added\": {}}]"}}, {"model": "admin.logentry", "pk": 13, "fields": {"action_time": "2021-08-18T19:38:38.816Z", "user": 1, "content_type": 14, "object_id": "3", "object_repr": "Energy Bulb", "action_flag": 1, "change_message": "[{\"added\": {}}]"}}, {"model": "admin.logentry", "pk": 14, "fields": {"action_time": "2021-08-18T19:45:21.207Z", "user": 1, "content_type": 14, "object_id": "1", "object_repr": "Energy Bulb", "action_flag": 3, "change_message": ""}}, {"model": "admin.logentry", "pk": 15, "fields": {"action_time": "2021-08-18T19:49:41.353Z", "user": 1, "content_type": 14, "object_id": "4", "object_repr": "AA Batteries", "action_flag": 1, "change_message": "[{\"added\": {}}]"}}, {"model": "admin.logentry", "pk": 16, "fields": {"action_time": "2021-08-18T19:56:52.714Z", "user": 1, "content_type": 14, "object_id": "5", "object_repr": "Table Lamp", "action_flag": 1, "change_message": "[{\"added\": {}}]"}}, {"model": "admin.logentry", "pk": 17, "fields": {"action_time": "2021-08-18T20:50:24.975Z", "user": 1, "content_type": 14, "object_id": "6", "object_repr": "Greenhouse", "action_flag": 1, "change_message": "[{\"added\": {}}]"}}, {"model": "admin.logentry", "pk": 18, "fields": {"action_time": "2021-08-18T20:57:44.061Z", "user": 1, "content_type": 14, "object_id": "7", "object_repr": "Hose", "action_flag": 1, "change_message": "[{\"added\": {}}]"}}, {"model": "admin.logentry", "pk": 19, "fields": {"action_time": "2021-08-18T21:04:09.728Z", "user": 1, "content_type": 14, "object_id": "8", "object_repr": "Trowel", "action_flag": 1, "change_message": "[{\"added\": {}}]"}}, {"model": "admin.logentry", "pk": 20, "fields": {"action_time": "2021-08-18T21:16:41.956Z", "user": 1, "content_type": 14, "object_id": "9", "object_repr": "Tree Starter", "action_flag": 1, "change_message": "[{\"added\": {}}]"}}, {"model": "admin.logentry", "pk": 21, "fields": {"action_time": "2021-08-18T21:22:22.353Z", "user": 1, "content_type": 14, "object_id": "10", "object_repr": "Bonsai Tree", "action_flag": 1, "change_message": "[{\"added\": {}}]"}}, {"model": "admin.logentry", "pk": 22, "fields": {"action_time": "2021-08-18T21:30:39.049Z", "user": 1, "content_type": 14, "object_id": "11", "object_repr": "Second Hand hammers", "action_flag": 1, "change_message": "[{\"added\": {}}]"}}, {"model": "admin.logentry", "pk": 23, "fields": {"action_time": "2021-08-18T21:38:05.521Z", "user": 1, "content_type": 14, "object_id": "12", "object_repr": "Makita Mini Drill", "action_flag": 1, "change_message": "[{\"added\": {}}]"}}, {"model": "admin.logentry", "pk": 24, "fields": {"action_time": "2021-08-18T21:41:38.787Z", "user": 1, "content_type": 14, "object_id": "13", "object_repr": "Pliers Set", "action_flag": 1, "change_message": "[{\"added\": {}}]"}}, {"model": "admin.logentry", "pk": 25, "fields": {"action_time": "2021-08-18T21:42:32.013Z", "user": 1, "content_type": 14, "object_id": "13", "object_repr": "Pliers Set", "action_flag": 2, "change_message": "[{\"changed\": {\"fields\": [\"Sku\"]}}]"}}, {"model": "admin.logentry", "pk": 26, "fields": {"action_time": "2021-08-18T21:46:32.705Z", "user": 1, "content_type": 14, "object_id": "14", "object_repr": "Black & Decker Cordless Drill", "action_flag": 1, "change_message": "[{\"added\": {}}]"}}, {"model": "admin.logentry", "pk": 27, "fields": {"action_time": "2021-08-18T22:01:36.399Z", "user": 1, "content_type": 14, "object_id": "15", "object_repr": "Dewalt Circular Saw", "action_flag": 1, "change_message": "[{\"added\": {}}]"}}, {"model": "admin.logentry", "pk": 28, "fields": {"action_time": "2021-08-18T22:01:52.685Z", "user": 1, "content_type": 14, "object_id": "4", "object_repr": "AA Batteries", "action_flag": 2, "change_message": "[{\"changed\": {\"fields\": [\"Category\"]}}]"}}, {"model": "admin.logentry", "pk": 29, "fields": {"action_time": "2021-08-18T22:07:10.695Z", "user": 1, "content_type": 14, "object_id": "16", "object_repr": "RS Pro Mechanical Tool Kit", "action_flag": 1, "change_message": "[{\"added\": {}}]"}}, {"model": "admin.logentry", "pk": 30, "fields": {"action_time": "2021-08-18T22:13:30.708Z", "user": 1, "content_type": 14, "object_id": "17", "object_repr": "Cactus Plants", "action_flag": 1, "change_message": "[{\"added\": {}}]"}}, {"model": "admin.logentry", "pk": 31, "fields": {"action_time": "2021-08-18T22:22:14.119Z", "user": 1, "content_type": 14, "object_id": "18", "object_repr": "Fastball Gerber Knife", "action_flag": 1, "change_message": "[{\"added\": {}}]"}}, {"model": "admin.logentry", "pk": 32, "fields": {"action_time": "2021-08-18T22:36:24.179Z", "user": 1, "content_type": 14, "object_id": "19", "object_repr": "Traditional Woodcarving Toolset", "action_flag": 1, "change_message": "[{\"added\": {}}]"}}, {"model": "admin.logentry", "pk": 33, "fields": {"action_time": "2021-08-18T22:42:01.629Z", "user": 1, "content_type": 14, "object_id": "20", "object_repr": "Easy Install Bathroom Sink", "action_flag": 1, "change_message": "[{\"added\": {}}]"}}, {"model": "admin.logentry", "pk": 34, "fields": {"action_time": "2021-08-18T22:50:50.487Z", "user": 1, "content_type": 14, "object_id": "21", "object_repr": "Roca Tap", "action_flag": 1, "change_message": "[{\"added\": {}}]"}}, {"model": "admin.logentry", "pk": 35, "fields": {"action_time": "2021-08-18T22:56:41.845Z", "user": 1, "content_type": 14, "object_id": "22", "object_repr": "Cooke & Steele Showerhead", "action_flag": 1, "change_message": "[{\"added\": {}}]"}}, {"model": "admin.logentry", "pk": 36, "fields": {"action_time": "2021-08-19T18:31:31.562Z", "user": 1, "content_type": 14, "object_id": "23", "object_repr": "Bathroom Sign", "action_flag": 1, "change_message": "[{\"added\": {}}]"}}, {"model": "admin.logentry", "pk": 37, "fields": {"action_time": "2021-08-19T18:37:12.020Z", "user": 1, "content_type": 14, "object_id": "24", "object_repr": "Rustic Bath Shower Mixer", "action_flag": 1, "change_message": "[{\"added\": {}}]"}}, {"model": "admin.logentry", "pk": 38, "fields": {"action_time": "2021-08-19T18:41:10.077Z", "user": 1, "content_type": 14, "object_id": "25", "object_repr": "Handmade Premium Soap", "action_flag": 1, "change_message": "[{\"added\": {}}]"}}, {"model": "admin.logentry", "pk": 39, "fields": {"action_time": "2021-08-19T18:49:24.924Z", "user": 1, "content_type": 14, "object_id": "26", "object_repr": "Freestanding Bath", "action_flag": 1, "change_message": "[{\"added\": {}}]"}}, {"model": "admin.logentry", "pk": 40, "fields": {"action_time": "2021-08-19T18:52:59.306Z", "user": 1, "content_type": 14, "object_id": "27", "object_repr": "Basin Sink", "action_flag": 1, "change_message": "[{\"added\": {}}]"}}, {"model": "admin.logentry", "pk": 41, "fields": {"action_time": "2021-08-19T18:56:42.986Z", "user": 1, "content_type": 14, "object_id": "28", "object_repr": "Rustic Taps", "action_flag": 1, "change_message": "[{\"added\": {}}]"}}, {"model": "admin.logentry", "pk": 42, "fields": {"action_time": "2021-08-19T19:01:37.305Z", "user": 1, "content_type": 14, "object_id": "29", "object_repr": "Ear Defenders", "action_flag": 1, "change_message": "[{\"added\": {}}]"}}, {"model": "admin.logentry", "pk": 43, "fields": {"action_time": "2021-08-19T19:07:45.313Z", "user": 1, "content_type": 14, "object_id": "30", "object_repr": "Sonic Tool Cabinet", "action_flag": 1, "change_message": "[{\"added\": {}}]"}}, {"model": "admin.logentry", "pk": 44, "fields": {"action_time": "2021-08-19T19:18:32.260Z", "user": 1, "content_type": 14, "object_id": "31", "object_repr": "Plug Adapter", "action_flag": 1, "change_message": "[{\"added\": {}}]"}}, {"model": "admin.logentry", "pk": 45, "fields": {"action_time": "2021-08-19T19:19:45.829Z", "user": 1, "content_type": 14, "object_id": "31", "object_repr": "Plug Adapter", "action_flag": 2, "change_message": "[]"}}, {"model": "admin.logentry", "pk": 46, "fields": {"action_time": "2021-08-19T19:21:04.492Z", "user": 1, "content_type": 14, "object_id": "23", "object_repr": "Bathroom Sign", "action_flag": 2, "change_message": "[{\"changed\": {\"fields\": [\"Image\"]}}]"}}, {"model": "admin.logentry", "pk": 47, "fields": {"action_time": "2021-08-19T19:33:00.442Z", "user": 1, "content_type": 14, "object_id": "32", "object_repr": "Multimeter", "action_flag": 1, "change_message": "[{\"added\": {}}]"}}, {"model": "admin.logentry", "pk": 48, "fields": {"action_time": "2021-08-19T19:38:11.248Z", "user": 1, "content_type": 14, "object_id": "33", "object_repr": "Explore LED Flex Spot Light (white)", "action_flag": 1, "change_message": "[{\"added\": {}}]"}}, {"model": "admin.logentry", "pk": 49, "fields": {"action_time": "2021-08-19T19:42:18.069Z", "user": 1, "content_type": 14, "object_id": "34", "object_repr": "Smart Doorbell", "action_flag": 1, "change_message": "[{\"added\": {}}]"}}, {"model": "admin.logentry", "pk": 50, "fields": {"action_time": "2021-08-19T19:45:42.451Z", "user": 1, "content_type": 14, "object_id": "35", "object_repr": "Aluminium Rake", "action_flag": 1, "change_message": "[{\"added\": {}}]"}}, {"model": "admin.logentry", "pk": 51, "fields": {"action_time": "2021-08-19T19:49:52.869Z", "user": 1, "content_type": 14, "object_id": "36", "object_repr": "Garden Spade", "action_flag": 1, "change_message": "[{\"added\": {}}]"}}, {"model": "admin.logentry", "pk": 52, "fields": {"action_time": "2021-08-19T19:51:00.034Z", "user": 1, "content_type": 14, "object_id": "35", "object_repr": "Aluminium Rake", "action_flag": 2, "change_message": "[{\"changed\": {\"fields\": [\"Image\"]}}]"}}, {"model": "admin.logentry", "pk": 53, "fields": {"action_time": "2021-08-19T19:54:26.262Z", "user": 1, "content_type": 14, "object_id": "37", "object_repr": "Hedge Shears", "action_flag": 1, "change_message": "[{\"added\": {}}]"}}, {"model": "admin.logentry", "pk": 54, "fields": {"action_time": "2021-08-19T21:08:15.923Z", "user": 1, "content_type": 14, "object_id": "2", "object_repr": "Bestplug Adapter", "action_flag": 2, "change_message": "[{\"changed\": {\"fields\": [\"Name\"]}}]"}}, {"model": "admin.logentry", "pk": 55, "fields": {"action_time": "2021-08-19T21:08:31.974Z", "user": 1, "content_type": 14, "object_id": "14", "object_repr": "Cordless Drill", "action_flag": 2, "change_message": "[{\"changed\": {\"fields\": [\"Name\"]}}]"}}, {"model": "admin.logentry", "pk": 56, "fields": {"action_time": "2021-08-19T21:08:45.674Z", "user": 1, "content_type": 14, "object_id": "16", "object_repr": "Tool Kit", "action_flag": 2, "change_message": "[{\"changed\": {\"fields\": [\"Name\"]}}]"}}, {"model": "admin.logentry", "pk": 57, "fields": {"action_time": "2021-08-19T21:08:56.700Z", "user": 1, "content_type": 14, "object_id": "19", "object_repr": "Woodcarving Toolset", "action_flag": 2, "change_message": "[{\"changed\": {\"fields\": [\"Name\"]}}]"}}, {"model": "admin.logentry", "pk": 58, "fields": {"action_time": "2021-08-19T21:09:07.253Z", "user": 1, "content_type": 14, "object_id": "20", "object_repr": "Bathroom Sink", "action_flag": 2, "change_message": "[{\"changed\": {\"fields\": [\"Name\"]}}]"}}, {"model": "admin.logentry", "pk": 59, "fields": {"action_time": "2021-08-19T21:09:19.509Z", "user": 1, "content_type": 14, "object_id": "22", "object_repr": "Showerhead", "action_flag": 2, "change_message": "[{\"changed\": {\"fields\": [\"Name\"]}}]"}}, {"model": "admin.logentry", "pk": 60, "fields": {"action_time": "2021-08-19T21:09:31.573Z", "user": 1, "content_type": 14, "object_id": "24", "object_repr": "Shower Mixer", "action_flag": 2, "change_message": "[{\"changed\": {\"fields\": [\"Name\"]}}]"}}, {"model": "admin.logentry", "pk": 61, "fields": {"action_time": "2021-08-19T21:09:39.105Z", "user": 1, "content_type": 14, "object_id": "25", "object_repr": "Premium Soap", "action_flag": 2, "change_message": "[{\"changed\": {\"fields\": [\"Name\"]}}]"}}, {"model": "admin.logentry", "pk": 62, "fields": {"action_time": "2021-08-19T21:09:53.245Z", "user": 1, "content_type": 14, "object_id": "33", "object_repr": "Spot Light", "action_flag": 2, "change_message": "[{\"changed\": {\"fields\": [\"Name\"]}}]"}}, {"model": "admin.logentry", "pk": 63, "fields": {"action_time": "2021-08-19T21:10:32.006Z", "user": 1, "content_type": 14, "object_id": "11", "object_repr": "Hammers", "action_flag": 2, "change_message": "[{\"changed\": {\"fields\": [\"Name\"]}}]"}}, {"model": "admin.logentry", "pk": 64, "fields": {"action_time": "2021-08-19T21:11:21.806Z", "user": 1, "content_type": 14, "object_id": "15", "object_repr": "Circular Saw", "action_flag": 2, "change_message": "[{\"changed\": {\"fields\": [\"Name\"]}}]"}}, {"model": "admin.logentry", "pk": 65, "fields": {"action_time": "2021-08-19T21:11:59.990Z", "user": 1, "content_type": 14, "object_id": "30", "object_repr": "Tool Cabinet", "action_flag": 2, "change_message": "[{\"changed\": {\"fields\": [\"Name\"]}}]"}}, {"model": "admin.logentry", "pk": 66, "fields": {"action_time": "2021-09-07T19:22:22.127Z", "user": 1, "content_type": 15, "object_id": "5", "object_repr": "0C7E942CED3C4636A9B6F64F96CE4E5F", "action_flag": 3, "change_message": ""}}, {"model": "admin.logentry", "pk": 67, "fields": {"action_time": "2021-09-07T19:22:22.137Z", "user": 1, "content_type": 15, "object_id": "4", "object_repr": "595B592851274402A4C49EDEB283ACDB", "action_flag": 3, "change_message": ""}}, {"model": "admin.logentry", "pk": 68, "fields": {"action_time": "2021-09-07T19:22:22.144Z", "user": 1, "content_type": 15, "object_id": "3", "object_repr": "94B5473770E0437F8B23FC16E9969B3C", "action_flag": 3, "change_message": ""}}, {"model": "admin.logentry", "pk": 69, "fields": {"action_time": "2021-09-07T19:22:22.149Z", "user": 1, "content_type": 15, "object_id": "2", "object_repr": "29D50F0ECFD74C2B93F210AC23D99CF0", "action_flag": 3, "change_message": ""}}, {"model": "admin.logentry", "pk": 70, "fields": {"action_time": "2021-09-07T19:22:22.154Z", "user": 1, "content_type": 15, "object_id": "1", "object_repr": "8077BDE9352C45EE8E7DCDEFDD3601D9", "action_flag": 3, "change_message": ""}}, {"model": "admin.logentry", "pk": 71, "fields": {"action_time": "2021-09-07T19:32:38.757Z", "user": 1, "content_type": 15, "object_id": "6", "object_repr": "DA44989CDEDA46058D61A6CB52800FFC", "action_flag": 3, "change_message": ""}}, {"model": "admin.logentry", "pk": 72, "fields": {"action_time": "2021-09-07T19:50:58.046Z", "user": 1, "content_type": 15, "object_id": "9", "object_repr": "B6A93727E29F4F57B9E02FF0BB8DB003", "action_flag": 2, "change_message": "[{\"deleted\": {\"name\": \"order item\", \"object\": \"Product Code pp1000000001 on order B6A93727E29F4F57B9E02FF0BB8DB003\"}}]"}}, {"model": "admin.logentry", "pk": 73, "fields": {"action_time": "2021-09-07T20:05:41.095Z", "user": 1, "content_type": 15, "object_id": "11", "object_repr": "8F4E4984B45E42E99F333A50A7E9E2F8", "action_flag": 2, "change_message": "[{\"changed\": {\"name\": \"order item\", \"object\": \"Product Code pp1000000004 on order 8F4E4984B45E42E99F333A50A7E9E2F8\", \"fields\": [\"Quantity\"]}}]"}}, {"model": "admin.logentry", "pk": 74, "fields": {"action_time": "2021-09-07T20:33:13.287Z", "user": 1, "content_type": 15, "object_id": "14", "object_repr": "438DD09FA9B240F993842B9253AED41D", "action_flag": 3, "change_message": ""}}, {"model": "admin.logentry", "pk": 75, "fields": {"action_time": "2021-09-07T20:33:13.293Z", "user": 1, "content_type": 15, "object_id": "13", "object_repr": "13221A95BFCD41D19060E10DCD1AD58C", "action_flag": 3, "change_message": ""}}, {"model": "admin.logentry", "pk": 76, "fields": {"action_time": "2021-09-07T20:33:13.298Z", "user": 1, "content_type": 15, "object_id": "12", "object_repr": "5A32826E2EE24A18B8F4C09DDE60C269", "action_flag": 3, "change_message": ""}}, {"model": "admin.logentry", "pk": 77, "fields": {"action_time": "2021-09-07T20:33:13.312Z", "user": 1, "content_type": 15, "object_id": "11", "object_repr": "8F4E4984B45E42E99F333A50A7E9E2F8", "action_flag": 3, "change_message": ""}}, {"model": "admin.logentry", "pk": 78, "fields": {"action_time": "2021-09-07T20:33:13.317Z", "user": 1, "content_type": 15, "object_id": "10", "object_repr": "0814291B39BE4890B99C9CD5BBE76E7E", "action_flag": 3, "change_message": ""}}, {"model": "admin.logentry", "pk": 79, "fields": {"action_time": "2021-09-07T20:33:13.322Z", "user": 1, "content_type": 15, "object_id": "9", "object_repr": "B6A93727E29F4F57B9E02FF0BB8DB003", "action_flag": 3, "change_message": ""}}, {"model": "admin.logentry", "pk": 80, "fields": {"action_time": "2021-09-07T20:33:13.328Z", "user": 1, "content_type": 15, "object_id": "8", "object_repr": "B5C870D16EEE4E6D8A989FD03F1A7620", "action_flag": 3, "change_message": ""}}, {"model": "admin.logentry", "pk": 81, "fields": {"action_time": "2021-09-07T20:33:13.333Z", "user": 1, "content_type": 15, "object_id": "7", "object_repr": "FAF133E77DF14B8D875371DCA6DAA7D7", "action_flag": 3, "change_message": ""}}, {"model": "admin.logentry", "pk": 82, "fields": {"action_time": "2021-09-07T20:34:40.317Z", "user": 1, "content_type": 15, "object_id": "14", "object_repr": "438DD09FA9B240F993842B9253AED41D", "action_flag": 3, "change_message": ""}}, {"model": "admin.logentry", "pk": 83, "fields": {"action_time": "2021-09-07T20:34:53.225Z", "user": 1, "content_type": 15, "object_id": "13", "object_repr": "13221A95BFCD41D19060E10DCD1AD58C", "action_flag": 3, "change_message": ""}}, {"model": "admin.logentry", "pk": 84, "fields": {"action_time": "2021-09-07T20:34:53.233Z", "user": 1, "content_type": 15, "object_id": "12", "object_repr": "5A32826E2EE24A18B8F4C09DDE60C269", "action_flag": 3, "change_message": ""}}, {"model": "admin.logentry", "pk": 85, "fields": {"action_time": "2021-09-07T20:34:53.239Z", "user": 1, "content_type": 15, "object_id": "11", "object_repr": "8F4E4984B45E42E99F333A50A7E9E2F8", "action_flag": 3, "change_message": ""}}, {"model": "admin.logentry", "pk": 86, "fields": {"action_time": "2021-09-07T20:34:53.245Z", "user": 1, "content_type": 15, "object_id": "10", "object_repr": "0814291B39BE4890B99C9CD5BBE76E7E", "action_flag": 3, "change_message": ""}}, {"model": "admin.logentry", "pk": 87, "fields": {"action_time": "2021-09-07T20:34:53.250Z", "user": 1, "content_type": 15, "object_id": "9", "object_repr": "B6A93727E29F4F57B9E02FF0BB8DB003", "action_flag": 3, "change_message": ""}}, {"model": "admin.logentry", "pk": 88, "fields": {"action_time": "2021-09-07T20:34:53.254Z", "user": 1, "content_type": 15, "object_id": "8", "object_repr": "B5C870D16EEE4E6D8A989FD03F1A7620", "action_flag": 3, "change_message": ""}}, {"model": "admin.logentry", "pk": 89, "fields": {"action_time": "2021-09-07T20:34:53.258Z", "user": 1, "content_type": 15, "object_id": "7", "object_repr": "FAF133E77DF14B8D875371DCA6DAA7D7", "action_flag": 3, "change_message": ""}}, {"model": "admin.logentry", "pk": 90, "fields": {"action_time": "2021-09-07T20:36:29.792Z", "user": 1, "content_type": 15, "object_id": "15", "object_repr": "B4FFC407BE7E4017B31A005F7533030F", "action_flag": 2, "change_message": "[{\"changed\": {\"name\": \"order item\", \"object\": \"Product Code pp1000000004 on order B4FFC407BE7E4017B31A005F7533030F\", \"fields\": [\"Quantity\"]}}]"}}, {"model": "admin.logentry", "pk": 91, "fields": {"action_time": "2021-09-07T21:03:41.616Z", "user": 1, "content_type": 15, "object_id": "17", "object_repr": "9318519EEA9A41408493BB2B83CCB7D4", "action_flag": 3, "change_message": ""}}, {"model": "admin.logentry", "pk": 92, "fields": {"action_time": "2021-09-07T21:03:41.625Z", "user": 1, "content_type": 15, "object_id": "16", "object_repr": "810395B0A78B4C70B1F47C219713F737", "action_flag": 3, "change_message": ""}}, {"model": "admin.logentry", "pk": 93, "fields": {"action_time": "2021-09-07T21:03:41.632Z", "user": 1, "content_type": 15, "object_id": "15", "object_repr": "B4FFC407BE7E4017B31A005F7533030F", "action_flag": 3, "change_message": ""}}, {"model": "auth.user", "pk": 1, "fields": {"password": "pbkdf2_sha256$260000$SfsGWxBCreHTiiGU19lcOk$Hqc5MLvyHlKL66A7XrWp52jhvkDGNPH1Y2Vn+RWCxVk=", "last_login": "2021-09-11T15:23:59.374Z", "is_superuser": true, "username": "admin", "first_name": "", "last_name": "", "email": "admin@fixit.com", "is_staff": true, "is_active": true, "date_joined": "2021-08-08T10:12:46.030Z", "groups": [], "user_permissions": []}}, {"model": "auth.user", "pk": 2, "fields": {"password": "pbkdf2_sha256$260000$KdIzM0aOWNPj6bnIQzQoXO$Oqf8Ts6z5U829FTgjFzwnEsSXIaLqF/D0p7MSs3FRNY=", "last_login": "2021-09-11T11:06:43.462Z", "is_superuser": false, "username": "testaccount1789", "first_name": "", "last_name": "", "email": "testaccount1789@mail.com", "is_staff": false, "is_active": true, "date_joined": "2021-09-08T22:40:12.382Z", "groups": [], "user_permissions": []}}, {"model": "sessions.session", "pk": "0951abcrou24gnxd20kxb5ubwjincvmg", "fields": {"session_data": "e30:1mOSEd:6H5wCfHVbDc1AH4Kq2OSzYwAVZKrmwwa3qD--DhGxxg", "expire_date": "2021-09-23T22:09:31.791Z"}}, {"model": "sessions.session", "pk": "2mmogp663fgm0rx2r0hloz0rrnv1g6sh", "fields": {"session_data": "eyJjYXJ0Ijp7IjExIjoxfX0:1mMFDy:BpMgdzXbOhlAf5KWq3jbvy1dB6cdzhyncco8LSozGgc", "expire_date": "2021-09-17T19:51:42.796Z"}}, {"model": "sessions.session", "pk": "47u8d77gnoaiz3lqy90b0ccoww659n7q", "fields": {"session_data": "e30:1mOSFq:7ED_J4wyQp5_TpP3K84u0qYLxQZChVAyiEr-x76jKGc", "expire_date": "2021-09-23T22:10:46.389Z"}}, {"model": "sessions.session", "pk": "53iy7vniyjobmvdwtb4jt09yzdetofdh", "fields": {"session_data": "e30:1mPBj0:2FGCcQnX95L_AgHLfWl1J2y_GTbm_t-zCdftdSjEiaE", "expire_date": "2021-09-25T22:43:54.976Z"}}, {"model": "sessions.session", "pk": "6775i8wbgh3vnz01y1e53y5n8iahwghg", "fields": {"session_data": ".eJxVjEEOwiAQRe_C2pACLdIu3XsGMswwFjXQlDbRGO-uTbrQ7X_vv5fwsC6jX2ucfSIxCCUOv1sAvMW8AbpCvhSJJS9zCnJT5E6rPBeK99Pu_gVGqOP33SIHrQP0jlpnmIxT1KNWnXOktO24iQrZHINRnSZmtEiO2QK7CBZwi9ZYayrZx8eU5qcYmvcHsppAOQ:1mCgVA:hEGgp2mJw9c0Wf3j6kF9QLtOUndFEVgaanNXiL3n72k", "expire_date": "2021-08-22T10:57:56.659Z"}}, {"model": "sessions.session", "pk": "6lsj5ux5pkujnw007lyvzwg1isfphxql", "fields": {"session_data": "eyJjYXJ0Ijp7IjMiOjEwLCI1Ijo2LCI0Ijo1LCIyIjoyLCI4IjozfX0:1mLtN6:9AAPPymX_rDF9eWz83TkT5zNOfCrYUgCwyOlmciWTQI", "expire_date": "2021-09-16T20:31:40.089Z"}}, {"model": "sessions.session", "pk": "7hjso0pw64ky6813nmgy2eqk7tbo3xpu", "fields": {"session_data": "eyJjYXJ0Ijp7IjIiOjF9fQ:1mMFCt:xQ4aG5xTquMQJPeIo8RCOxSH_IgDRfHO7NKLsVW7cvE", "expire_date": "2021-09-17T19:50:35.995Z"}}, {"model": "sessions.session", "pk": "8hpmtjczrhu0qbnhuwxwyoov6n1c31w6", "fields": {"session_data": "eyJjYXJ0Ijp7IjIiOjYsIjgiOjIsIjciOjEsIjQiOjIsIjE2IjoxLCIxNyI6MX19:1mMWKS:qaTdSQ5yEHD-lF5DIUlw_7z_Y46vm6tlMTRQUk6NC3w", "expire_date": "2021-09-18T14:07:32.615Z"}}, {"model": "sessions.session", "pk": "dgx6d4i0kd8bllbdjevfxjg55rk9btcr", "fields": {"session_data": ".eJxVjEEOwiAQRe_C2hCBglOX7j0DGWYYqRpISrsy3l2bdKHb_977LxVxXUpce57jxOqsjDr8bgnpkesG-I711jS1usxT0puid9r1tXF-Xnb376BgL996IEnWJhyBB3DCDgyPZI0HYGODl2M2JO6UnPGWRSgQg0hAgYwBSb0_9JQ4_A:1mFJJk:vX4anKuAO10lpPe9o4Y0CeML7LOpcjeC9EVgeOz5Hjs", "expire_date": "2021-08-29T16:49:00.790Z"}}, {"model": "sessions.session", "pk": "hwvt62sbgq2qfey9pl2131br770951hg", "fields": {"session_data": "e30:1mO64s:GkYv88NfCwk9BoA8M5eH0-XNEXjZKqoDISVgEkwVnso", "expire_date": "2021-09-22T22:29:58.257Z"}}, {"model": "sessions.session", "pk": "lv8t6dznfwad42aid1sf2uqpspjjeve1", "fields": {"session_data": ".eJxVjU0OgyAQhe8ya2MAFSi79iJkxCGSGmwEmzbGuxcbNy7f3_c2SPgmG6KfwXicElVgcc2jXRMtNgxgQMDF69E9KR4BTtNh1-jcvMZc_ztnnOp7URRzcJjDHB_n6oIaMY2Fw6QWrqVGouqaVhcCU9RzEqR7kp4j0-rmxeBJoe7YzXvHm9KWzcA7IdUBTZRSubH0eYXlC4ZV4HDJYLZ9_wH-701F:1mP1A5:bOQ5uOPjDakWplUL-gTzXgOskumRdNBEjff0QGbeti8", "expire_date": "2021-09-25T11:27:09.175Z"}}, {"model": "sessions.session", "pk": "mhok3t24rb704e8m8gkieeyrizo464wv", "fields": {"session_data": ".eJxVjL0OgzAMhN_FM4pIIKlh7N5nQI4dF9oKJH4mxLsXWhaWO-m-u1uBaZyhXgGhthn4n1r3t3y3LYOGlrltlimNTSdQg4VLFonfqT-AvKh_DoaHfh67aI6KOelkHoOkz_3sXg5amtp9XbJG5yJVKCUWKgVaqdhZjyjWBa95sqzFLRbWO1HlwIKqgRQTBWLYvr9TQLk:1mMTpj:BgD1LfbVuxO6GaaB0itSeWkZqVsrSl47rsHcuhrDRE0", "expire_date": "2021-09-18T11:27:39.256Z"}}, {"model": "sessions.session", "pk": "oeemaeuqxmfsut2n0xd3lo7q315s32pw", "fields": {"session_data": "eyJjYXJ0Ijp7IjQiOjF9fQ:1mMFIW:wpDdnc93rtx9M6jJmRi6QMDXrfce3QB9hkqsaaXHIw8", "expire_date": "2021-09-17T19:56:24.812Z"}}, {"model": "sessions.session", "pk": "qezlyza86bmey7onoog8qykohhqbvlu0", "fields": {"session_data": ".eJxVj81OwzAQhN_FZ4hsx3Zcjr3zDNZ6f0goios3FSDEu5NIvfQ6M99o5teUK6h-tU6ls_JWLvxjXgzo59TtM7uA1QeuE1lPhFlCTRA52krO12ieTIHbNpebci8L7aR71CrghdfDoHdY39qAbd36UocjMtxdHV4b8cf5nn0omEHnnQ4o1fsKp0whj0JjdnRC72LO-5IUxbJDGac6uuhJBBNSFkkgmSEBHqXKqktbC39fl76_tH__-ahU3A:1mOQIX:DE9M1LtnI3NMlxKDQb2p8J7TFBIrLIppVgQr32b-Ysw", "expire_date": "2021-09-23T20:05:25.383Z"}}, {"model": "sessions.session", "pk": "sm5tci6yv8j17uabfkcpbilei9zi4viy", "fields": {"session_data": "eyJjYXJ0Ijp7IjQiOjIsIjE0IjoxfX0:1mNf2v:F47nJugcrS_3jHZTiMutjdGAI7DfRKKgpn0vJF2Wqr0", "expire_date": "2021-09-21T17:38:09.727Z"}}, {"model": "sessions.session", "pk": "srchir4ik5zfjhgys2upnsao1lvmk4u9", "fields": {"session_data": ".eJxVjEEOwiAQRe_C2pACLdIu3XsGMswwFjXQlDbRGO-uTbrQ7X_vv5fwsC6jX2ucfSIxCCUOv1sAvMW8AbpCvhSJJS9zCnJT5E6rPBeK99Pu_gVGqOP33SIHrQP0jlpnmIxT1KNWnXOktO24iQrZHINRnSZmtEiO2QK7CBZwi9ZYayrZx8eU5qcYmvcHsppAOQ:1mO6Mk:zq55RLfOpeblxuDP7rto5LrwRnZW4r5Bj6MUSx0Mdss", "expire_date": "2021-09-22T22:48:26.084Z"}}, {"model": "sessions.session", "pk": "thlajvj55yhj2y7dfxtk5hqdgh34spdf", "fields": {"session_data": ".eJxVjDsOg0AMRO_iGq2yXtg4lOlzBuS114EkAolPhbh7QKKhGmnem1lBeJyhXqGEGgsIuMdWQMPL3DbLlMemU6jBw6VLLN_cH0A_3L8HJ0M_j11yh-JOOrnXoPn3PN3LQctTu69LsYSY-EFaUjAN5PUh6Csi9Rgru2UvFu4p-ArVTKIomUU2yhxZYPsD39s-bQ:1mMxOQ:psKlYLcJJO_qIRtAwbfc665-lE6JMwmwe-kZsVuGKyo", "expire_date": "2021-09-19T19:01:26.814Z"}}, {"model": "sessions.session", "pk": "tph90ab6xjj2m7x8vbuncrdywdvghrb1", "fields": {"session_data": ".eJxVjEEOwiAQRe_C2pACLdIu3XsGMswwFjXQlDbRGO-uTbrQ7X_vv5fwsC6jX2ucfSIxCCUOv1sAvMW8AbpCvhSJJS9zCnJT5E6rPBeK99Pu_gVGqOP33SIHrQP0jlpnmIxT1KNWnXOktO24iQrZHINRnSZmtEiO2QK7CBZwi9ZYayrZx8eU5qcYmvcHsppAOQ:1mP4rH:fQOR31mbR3euifa068mETYGBpRMoCylMpO32N9DjuJQ", "expire_date": "2021-09-25T15:23:59.383Z"}}, {"model": "sessions.session", "pk": "tu7ud5sblvavfl0jkzhvg2ij6honsxi6", "fields": {"session_data": "eyJjYXJ0Ijp7IjQiOjF9fQ:1mNfHu:BUXZDqwVgBxsCV8AkGTmw12Uw5NPpymZTao3E3KFcgA", "expire_date": "2021-09-21T17:53:38.724Z"}}, {"model": "sessions.session", "pk": "wojly91mynalk8mgmxz8efa4zp9ufjw5", "fields": {"session_data": ".eJxVjcsOgjAQRf-la0L6gLawkx9phjINjaQYphiN8d8thoUu7-vcF3Ow59nthJuLE-uZZNWvN4K_YjoCWJbDrsH7dU-5_nbOmOpLUZhy9JDjmoZz9YeagebC4dpK36DSYFrV2ELgBkeBEu2IOgjg1nRBTgEN2JZ3IXihSlurSbRSmwNKSFRuHD5ucXuynleM4I4uprCyPsBC-P4Atu5J-Q:1mOTIv:rkGVHDJfjEEU8kJwpvbes1hNsFgSmGyBNGvVaQn85E0", "expire_date": "2021-09-23T23:18:01.223Z"}}, {"model": "sessions.session", "pk": "ww7qabdf60yx4o1y3gu3dc4c95vck0ch", "fields": {"session_data": ".eJxVj00OgyAQhe8ya2MAFSi79iJkxCGSGmwEmzbGuxcbF-3y_cz3MhtYXPNo10SLDQMYEFD9ej26O8UjwGk67Bqdm9eY62_njFN9LYpiDg5zmOPtvPpDjZjGwmFSC9dSI1F1TasLgSnqOQnSPUnPkWl18WLwpFB37OK9401py2bgnZDqgCZKqcxYej3C8gbDKkj4JBuin8F4nBJV4HDJYLbykeH7_gErVU4m:1mOpL2:3tyJvXUwKXgwCoZNexwPtI3Kmj6sw272K8fuvAv74tE", "expire_date": "2021-09-24T22:49:40.049Z"}}, {"model": "sessions.session", "pk": "xnk12qu1o2u7byj7lgtyjiin06xtwe3e", "fields": {"session_data": "eyJjYXJ0Ijp7IjQiOjIsIjUiOjF9fQ:1mMy1f:SZmDr1ZYCcj4NfLzrb-kElO_Axi0_mcmMqcDphqiCgA", "expire_date": "2021-09-19T19:41:59.333Z"}}, {"model": "sessions.session", "pk": "ykxx0i6athg5hqqsj0wmygsxz91lqg43", "fields": {"session_data": "eyJjYXJ0Ijp7IjQiOjF9fQ:1mMFAR:kGa7YPYKi-A7vwNkrnmdrgVUgBY2-F_FJNUZnOYSBzo", "expire_date": "2021-09-17T19:48:03.058Z"}}, {"model": "sessions.session", "pk": "ziwxv1fta8rppbr75j7255v95k2259bl", "fields": {"session_data": "e30:1mOSNA:nwshXqtj09rTywvej_s02PSl7jYd56KLN7SyEtgEIhA", "expire_date": "2021-09-23T22:18:20.743Z"}}, {"model": "sites.site", "pk": 1, "fields": {"domain": "fixit.example.com", "name": "Fixit"}}, {"model": "account.emailaddress", "pk": 1, "fields": {"user": 1, "email": "admin@fixit.com", "verified": true, "primary": true}}, {"model": "account.emailaddress", "pk": 2, "fields": {"user": 2, "email": "testaccount1789@mail.com", "verified": true, "primary": true}}, {"model": "products.category", "pk": 1, "fields": {"name": "electrical", "friendly_name": "Electrical"}}, {"model": "products.category", "pk": 2, "fields": {"name": "gardening", "friendly_name": "Gardening"}}, {"model": "products.category", "pk": 3, "fields": {"name": "bathroom", "friendly_name": "Bathroom"}}, {"model": "products.category", "pk": 4, "fields": {"name": "tools", "friendly_name": "Tools"}}, {"model": "products.product", "pk": 2, "fields": {"category": 1, "sku": "pp1000000001", "name": "Bestplug Adapter", "description": "Perfect for plugging your electric shaver or toothbrush into a standard 3-pin socket, the Bestplug  adapter has a straight-forward and discreet design. Simply plug the Bestplug Shaver Adapter into any 13 amp socket for quick and easy conversion into a 2-pin socket.", "price": "4.00", "rating": "4.00", "image_url": null, "image": "poweradapter_LnKbDsb.jpg"}}, {"model": "products.product", "pk": 3, "fields": {"category": 1, "sku": "pp1000000002", "name": "Energy Bulb", "description": "40W Compact  halogen bulb from Smart Bulbs equipped with smart technology to reduce power consumption", "price": "5.00", "rating": "4.00", "image_url": null, "image": "bulb-energy_IkHJ9Jj.jpg"}}, {"model": "products.product", "pk": 4, "fields": {"category": 1, "sku": "pp1000000003", "name": "AA Batteries", "description": "Power your home devices with these Duracell Alkaline Power AA Batteries. Long lasting and reliable performance from Duracell - for the expertise you expect!", "price": "6.00", "rating": "5.00", "image_url": null, "image": "batteries_IuWLhCg.jpg"}}, {"model": "products.product", "pk": 5, "fields": {"category": 1, "sku": "pp1000000004", "name": "Table Lamp", "description": "Popular lamp series that has a timeless design that fits right in. Place beside bed to create a soft, comfortable light and a unified look.", "price": "25.00", "rating": "4.50", "image_url": null, "image": "bed-lamp_IBGd6Af.jpg"}}, {"model": "products.product", "pk": 6, "fields": {"category": 2, "sku": "pp1000000005", "name": "Greenhouse", "description": "The Venus – ideal for any gardener, the 1.93m (6’4”) wide Venus greenhouse meets the needs of both the beginner and the experienced gardener. There is a single sliding door which can be positioned to the left or the right and held in any desired position using the simple lever mechanism.", "price": "485.00", "rating": "4.00", "image_url": null, "image": "greenhouse_LHYbT2g.jpg"}}, {"model": "products.product", "pk": 7, "fields": {"category": 2, "sku": "pp1000000006", "name": "Hose", "description": "Ideal for use in small gardens, patios & roof terraces, this hose reel is manufactured from which is suitable for most of your garden needs.", "price": "22.00", "rating": "3.00", "image_url": null, "image": "hose_Lh0KPO4.jpg"}}, {"model": "products.product", "pk": 8, "fields": {"category": 2, "sku": "pp1000000007", "name": "Trowel", "description": "Mirror polished head for rust resistance and minimal soil adhesion for all your planting needs", "price": "6.00", "rating": "3.50", "image_url": null, "image": "trowel_REIYwMb.jpg"}}, {"model": "products.product", "pk": 9, "fields": {"category": 2, "sku": "pp1000000008", "name": "Tree Starter", "description": "Pre-planted pots with a range of different varieties of trees to choose from", "price": "10.00", "rating": "5.00", "image_url": null, "image": "tree-starter_OnPJaac.jpg"}}, {"model": "products.product", "pk": 10, "fields": {"category": 2, "sku": "pp1000000009", "name": "Bonsai Tree", "description": "Uncomplicated, fast-growing indoor bonsai for beginner. The bonsai comes securely packaged in an insured parcel.", "price": "200.00", "rating": "4.00", "image_url": null, "image": "bonsai_w1dcm88.jpg"}}, {"model": "products.product", "pk": 11, "fields": {"category": 4, "sku": "pp1000000010", "name": "Hammers", "description": "High quality second hand hammers at an affordable price.", "price": "5.00", "rating": "4.00", "image_url": null, "image": "second-hand-hammers_uhiC86W.jpg"}}, {"model": "products.product", "pk": 12, "fields": {"category": 4, "sku": "pp1000000011", "name": "Makita Mini Drill", "description": "Makita drills are renowned for their performance and quality. From small and lightweight to high powered and heavy. This mini drill is suitable for all small jobs around the house.", "price": "15.00", "rating": "3.50", "image_url": null, "image": "drill_Ud8KQec.jpg"}}, {"model": "products.product", "pk": 13, "fields": {"category": 4, "sku": "pp1000000012", "name": "Pliers Set", "description": "3 part pliers set with chrome vanadium body for durability. Jaws and cutting edges are hardened, ensuring they stay sharper for longer.", "price": "20.00", "rating": "2.00", "image_url": null, "image": "pliers-set_Bs1oJyf.jpg"}}, {"model": "products.product", "pk": 14, "fields": {"category": 4, "sku": "pp1000000013", "name": "Cordless Drill", "description": "Black & Decker cordless 18V Lithium-ion impact driver. With 155Nm of torque, the impact driver makes light work of screwdriving long screws into dense timber and the removal tight screws and bolts.", "price": "56.00", "rating": "5.00", "image_url": null, "image": "black-decker-drill_smpe8Rc.jpg"}}, {"model": "products.product", "pk": 15, "fields": {"category": 4, "sku": "pp1000000014", "name": "Circular Saw", "description": "The DeWalt DCS391 XR circular saw is ideal for working on MDF, plywood and timber and features a 24-tooth TCT blade that can deliver bevel cuts up to 50°. The all-metal gearbox gives added durability, while the hex key lets you make any quick on-the-job tweaks.", "price": "150.00", "rating": "4.00", "image_url": null, "image": "dewalt-saw_tepWVRy.jpg"}}, {"model": "products.product", "pk": 16, "fields": {"category": 1, "sku": "pp1000000015", "name": "Tool Kit", "description": "RS PRO mechanics 94 piece tool kit, offering various hand tools to make a comprehensive kit. The tools are of dependable quality. Designed for professional mechanics and serious DIY experts. The easy to carry case is versatile and durable with cut-out slots created for each individual component. The kit itself contains a useful selection of sockets, spanners, universal joints, hex bit couplers, hex bits, precision screwdrivers and extension bars in various sizes.", "price": "120.00", "rating": "3.60", "image_url": null, "image": "toolset_Q2L02av.jpg"}}, {"model": "products.product", "pk": 17, "fields": {"category": 2, "sku": "pp1000000016", "name": "Cactus Plants", "description": "Decorate your house with these beautiful cactus plants that require minimal attention.", "price": "22.00", "rating": "2.00", "image_url": null, "image": "cactus-plants_V5eSQen.jpg"}}, {"model": "products.product", "pk": 18, "fields": {"category": 4, "sku": "pp1000000017", "name": "Fastball Gerber Knife", "description": "The Fastball is an American-made EDC knife that lives in the place where precision and polish meet. The trend forward yet practical design has an intuitive finger flipper opening, a utilitarian wharncliffe blade, and an aircraft-grade aluminum handle.", "price": "50.00", "rating": "3.40", "image_url": null, "image": "knife_GCO54GP.jpg"}}, {"model": "products.product", "pk": 19, "fields": {"category": 4, "sku": "pp1000000018", "name": "Woodcarving Toolset", "description": "Traditional Woodcarving Toolset to help you craft beautiful wood products", "price": "50.00", "rating": "4.00", "image_url": null, "image": "wood-carving-set_vHjiT4t.jpg"}}, {"model": "products.product", "pk": 20, "fields": {"category": 3, "sku": "pp1000000019", "name": "Bathroom Sink", "description": "Easy Install Bathroom Sink with a single tap that is easy to install . Suitable for most weekend DIY enthusiasts", "price": "150.00", "rating": "5.00", "image_url": null, "image": "bathroom-sink_WL1VCL9.jpg"}}, {"model": "products.product", "pk": 21, "fields": {"category": 3, "sku": "pp1000000020", "name": "Roca Tap", "description": "Mono Roca basin mixer tap with solid brass body. Chrome-plated brass clicker waste included.", "price": "130.00", "rating": "4.00", "image_url": null, "image": "roca-tap_NJG3dMc.jpg"}}, {"model": "products.product", "pk": 22, "fields": {"category": 3, "sku": "pp1000000021", "name": "Showerhead", "description": "Stainless steel construction. Suitable for all system types.", "price": "25.00", "rating": "4.00", "image_url": null, "image": "shower-head_QjiGO97.jpg"}}, {"model": "products.product", "pk": 23, "fields": {"category": 3, "sku": "pp1000000022", "name": "Bathroom Sign", "description": "Circular wood bathroom sign to help your customers find their way to the bathroom.", "price": "5.00", "rating": "3.00", "image_url": null, "image": "bathroom-sign_0P9Pi3q.jpg"}}, {"model": "products.product", "pk": 24, "fields": {"category": 3, "sku": "pp1000000023", "name": "Shower Mixer", "description": "Traditional design for a classic bathroom. Bath shower mixer designed with cross head handles for easy use.", "price": "150.00", "rating": "5.00", "image_url": null, "image": "bath-shower-mixer_WQclUdt.jpg"}}, {"model": "products.product", "pk": 25, "fields": {"category": 3, "sku": "pp1000000024", "name": "Premium Soap", "description": "Doucho soap is handmade - it will leave your hands smelling fragrant for hours after.", "price": "10.00", "rating": "3.20", "image_url": null, "image": "soap_HdSFJFh.jpg"}}, {"model": "products.product", "pk": 26, "fields": {"category": 3, "sku": "pp1000000025", "name": "Freestanding Bath", "description": "High, smooth walls in an eye catching modern designer shape make the Taha a standout bath that offers deep, luxurious bathing as well as some stylish flourish to finish off a contemporary suite. The thin ledge gives this bath a subdued look that matches perfectly with floor standing bath taps and the fibreglass reinforced acrylic lends it extraordinary strength and heat retention that keeps your water warmer for longer!", "price": "1000.00", "rating": "5.00", "image_url": null, "image": "bath_PjiRofO.jpg"}}, {"model": "products.product", "pk": 27, "fields": {"category": 3, "sku": "pp1000000026", "name": "Basin Sink", "description": "The SuperSink Basin sink is constructed from high-quality ceramics and is designed to sit on top of a worktop or vanity unit. Fine, precisely defined edges lend a subtle look and freshness making a striking landmark of the bathroom.", "price": "200.00", "rating": "3.10", "image_url": null, "image": "basin-sink_FnQpSY6.jpg"}}, {"model": "products.product", "pk": 28, "fields": {"category": 3, "sku": "pp1000000027", "name": "Rustic Taps", "description": "These rustic taps will give your bathroom that rustic and traditional feel.", "price": "50.00", "rating": "4.30", "image_url": null, "image": "rustic-taps_sGbsy2k.jpg"}}, {"model": "products.product", "pk": 29, "fields": {"category": 4, "sku": "pp1000000028", "name": "Ear Defenders", "description": "Lightweight, foam-filled padded ear defenders with adjustable, reinforced headband for comfortable fit.", "price": "10.00", "rating": "4.50", "image_url": null, "image": "ear-defenders_ICQX8uZ.jpg"}}, {"model": "products.product", "pk": 30, "fields": {"category": 4, "sku": "pp1000000029", "name": "Tool Cabinet", "description": "Great value Sonic Tool Cabinet. Perfect for any workshop or garage. Filled with high-quality chrome-vanadium tools drawers with ball bearings.", "price": "700.00", "rating": "4.10", "image_url": null, "image": "sonic-tool-cabinet_NpU7Fx7.jpg"}}, {"model": "products.product", "pk": 31, "fields": {"category": 1, "sku": "pp1000000030", "name": "Plug Adapter", "description": "European Regulation To The British Power Conversion Plug International Plug Adaptor UK EUR AC Power Adapter Mobile Phone 1500W", "price": "4.00", "rating": "5.00", "image_url": null, "image": "plug-adaptor_0dGv5wp.jpg"}}, {"model": "products.product", "pk": 32, "fields": {"category": 1, "sku": "pp1000000031", "name": "Multimeter", "description": "Draper 52320 Electrician Digital Multimeter with 16 Function. 16 Position rotary function and range selector.", "price": "15.00", "rating": "5.00", "image_url": null, "image": "multimeter_a2xBB1R.jpg"}}, {"model": "products.product", "pk": 33, "fields": {"category": 1, "sku": "pp1000000032", "name": "Spot Light", "description": "The low energy Explore flex wall mounted bracket light is a Scandinavian design from Nordlux.", "price": "5.00", "rating": "4.10", "image_url": null, "image": "light-fitting_Ycsz8ri.jpg"}}, {"model": "products.product", "pk": 34, "fields": {"category": 1, "sku": "pp1000000033", "name": "Smart Doorbell", "description": "The Smart Doorbell with AI Face Recognition. This is the doorbell of the future.", "price": "150.00", "rating": "5.00", "image_url": null, "image": "smart-doorbell_XDjSkBk.jpg"}}, {"model": "products.product", "pk": 35, "fields": {"category": 2, "sku": "pp1000000034", "name": "Aluminium Rake", "description": "All purpose aluminium rake for all your gardening years.", "price": "25.00", "rating": "2.50", "image_url": null, "image": "rake_Ef0eNUD.jpg"}}, {"model": "products.product", "pk": 36, "fields": {"category": 2, "sku": "pp1000000035", "name": "Garden Spade", "description": "Kent & Stowe Stainless Steel Border Spade. Excellent quality stainless steel head. Beautifully made shaft, from ash wood and split to for a traditional YD handle.", "price": "40.00", "rating": "5.00", "image_url": null, "image": "spade_Fcdh6Uf.jpg"}}, {"model": "products.product", "pk": 37, "fields": {"category": 2, "sku": "pp1000000036", "name": "Hedge Shears", "description": "Bahco P51 Professional Hedge Shears are suitable for use in parks, vineyards and estates. They are particularly suited to cutting tightly packed hedges such as the varieties used for topiary art work (decorative hedge trimming).", "price": "40.00", "rating": "3.00", "image_url": null, "image": "hedge-shears_pLEVuGM.jpg"}}, {"model": "checkout.order", "pk": 18, "fields": {"order_number": "AFBB732ED8484842AEF2E6AC58DD0E30", "user_profile": null, "name": "Jalop Moose", "email": "testaccount1789@mail.com", "phone": "+123456776767", "postcode": "12899", "town": "Denver", "address": "South Avenue", "country": "Ireland", "date": "2021-09-07T20:52:50.084Z", "delivery_cost": "0.60", "order_total": "6.00", "overall_cost": "6.60"}}, {"model": "checkout.order", "pk": 19, "fields": {"order_number": "DB229112B10C4A5D9ECA2F3B99D8B9D0", "user_profile": null, "name": "Jalop Moose", "email": "testaccount1789@mail.com", "phone": "+123456776767", "postcode": "12899", "town": "Denver", "address": "South Avenue", "country": "Ireland", "date": "2021-09-07T21:01:04.918Z", "delivery_cost": "0.50", "order_total": "5.00", "overall_cost": "5.50"}}, {"model": "checkout.order", "pk": 20, "fields": {"order_number": "9EAD0C6C87B446E0A1268FF663955500", "user_profile": null, "name": "Jalop Moose", "email": "testaccount1789@mail.com", "phone": "+123456776767", "postcode": "12899", "town": "Denver", "address": "South Avenue", "country": "Ireland", "date": "2021-09-07T21:03:09.707Z", "delivery_cost": "0.00", "order_total": "22.00", "overall_cost": "22.00"}}, {"model": "checkout.order", "pk": 21, "fields": {"order_number": "9F99042E49B847DB853DD51AA67625B2", "user_profile": null, "name": "Jalop Moose", "email": "testaccount1789@mail.com", "phone": "+123456776767", "postcode": "12899", "town": "Denver", "address": "South Avenue", "country": "Ireland", "date": "2021-09-07T21:08:37.027Z", "delivery_cost": "0.00", "order_total": "25.00", "overall_cost": "25.00"}}, {"model": "checkout.order", "pk": 22, "fields": {"order_number": "AA3BC88874014C239B69745F6369A527", "user_profile": null, "name": "Jalop Moose", "email": "testaccount1789@mail.com", "phone": "+123456776767", "postcode": "12899", "town": "Denver", "address": "South Avenue", "country": "Ireland", "date": "2021-09-07T21:17:43.854Z", "delivery_cost": "0.00", "order_total": "485.00", "overall_cost": "485.00"}}, {"model": "checkout.order", "pk": 23, "fields": {"order_number": "CE48100F7450460C87C7B3A79E8C8760", "user_profile": null, "name": "Jalop Moose", "email": "testaccount1789@mail.com", "phone": "+123456776767", "postcode": "12899", "town": "Denver", "address": "South Avenue", "country": "Ireland", "date": "2021-09-07T21:22:17.063Z", "delivery_cost": "0.00", "order_total": "200.00", "overall_cost": "200.00"}}, {"model": "checkout.order", "pk": 24, "fields": {"order_number": "3BB156DD8A0F4146A55A13D8BF8665CB", "user_profile": null, "name": "Jalop Moose", "email": "testaccount1789@mail.com", "phone": "+123456776767", "postcode": "12899", "town": "Denver", "address": "South Avenue", "country": "Ireland", "date": "2021-09-07T22:45:39.074Z", "delivery_cost": "0.60", "order_total": "6.00", "overall_cost": "6.60"}}, {"model": "checkout.order", "pk": 25, "fields": {"order_number": "3A01CE4EEC0843DB901AC34CC2E04E47", "user_profile": null, "name": "Jalop Moose", "email": "testaccount1789@mail.com", "phone": "+123456776767", "postcode": "12899", "town": "Denver", "address": "South Avenue", "country": "Ireland", "date": "2021-09-07T22:51:48.260Z", "delivery_cost": "0.50", "order_total": "5.00", "overall_cost": "5.50"}}, {"model": "checkout.order", "pk": 26, "fields": {"order_number": "D03B9A9AA3F74A398789EF8702E0DEDA", "user_profile": null, "name": "Jalop Moose", "email": "testaccount1789@mail.com", "phone": "+123456776767", "postcode": "12899", "town": "Denver", "address": "South Avenue", "country": "", "date": "2021-09-09T23:18:01.157Z", "delivery_cost": "1.50", "order_total": "15.00", "overall_cost": "16.50"}}, {"model": "checkout.order", "pk": 27, "fields": {"order_number": "D50BB3F0CB644B4CAA889D94F5761CA1", "user_profile": 2, "name": "Jalop Moot", "email": "testaccount1789@mail.com", "phone": "+123456776767", "postcode": "12899", "town": "Dublin", "address": "South Avenue", "country": "BS", "date": "2021-09-10T18:35:56.797Z", "delivery_cost": "0.60", "order_total": "6.00", "overall_cost": "6.60"}}, {"model": "checkout.order", "pk": 28, "fields": {"order_number": "A33E7FDC19DE4A4AA526676E885C610D", "user_profile": 2, "name": "Jalop Moose", "email": "testaccount1789@mail.com", "phone": "+123456776767", "postcode": "12899", "town": "Denver", "address": "South Avenue", "country": "", "date": "2021-09-10T18:41:40.786Z", "delivery_cost": "0.00", "order_total": "50.00", "overall_cost": "50.00"}}, {"model": "checkout.order", "pk": 29, "fields": {"order_number": "2555A9B7C1CA45529BEE7E0A3BFDC398", "user_profile": 2, "name": "Jalop Moose", "email": "testaccount1789@mail.com", "phone": "+123456776767", "postcode": "12899", "town": "Denver", "address": "South Avenue", "country": "", "date": "2021-09-10T19:20:36.726Z", "delivery_cost": "0.60", "order_total": "6.00", "overall_cost": "6.60"}}, {"model": "checkout.order", "pk": 30, "fields": {"order_number": "4FDF98235A9C4CA6A21D76A4BAC8BB70", "user_profile": 2, "name": "Jalop Moose", "email": "testaccount1789@mail.com", "phone": "+123456776767", "postcode": "12899", "town": "Denver", "address": "South Avenue", "country": "DZ", "date": "2021-09-10T19:24:39.940Z", "delivery_cost": "0.60", "order_total": "6.00", "overall_cost": "6.60"}}, {"model": "checkout.order", "pk": 31, "fields": {"order_number": "5353C6FF5AA7424DB72635473932974D", "user_profile": 2, "name": "Jalop Moose", "email": "testaccount1789@mail.com", "phone": "+123456776767", "postcode": "12899", "town": "Denver", "address": "South Avenue", "country": "AZ", "date": "2021-09-10T19:28:13.319Z", "delivery_cost": "0.60", "order_total": "6.00", "overall_cost": "6.60"}}, {"model": "checkout.order", "pk": 32, "fields": {"order_number": "7092EB7058FF4CBDB5D4C5145068F400", "user_profile": null, "name": "Jalop Moose", "email": "testaccount1789@mail.com", "phone": "+123456776767", "postcode": "12899", "town": "Denver", "address": "South Avenue", "country": "AL", "date": "2021-09-11T11:05:53.322Z", "delivery_cost": "0.40", "order_total": "4.00", "overall_cost": "4.40"}}, {"model": "checkout.order", "pk": 33, "fields": {"order_number": "86F1CFE81F914BB1A9181CACB8399DC9", "user_profile": 2, "name": "Jalop Moose", "email": "testaccount1789@mail.com", "phone": "+123456776767", "postcode": "12899", "town": "Denver", "address": "South Avenue", "country": "CF", "date": "2021-09-11T11:16:47.903Z", "delivery_cost": "0.00", "order_total": "22.00", "overall_cost": "22.00"}}, {"model": "checkout.order", "pk": 34, "fields": {"order_number": "A38189EFE2B44E688F9D1BD7338502B5", "user_profile": 2, "name": "Jalop Moose", "email": "testaccount1789@mail.com", "phone": "+123456776767", "postcode": "12899", "town": "Denver", "address": "South Avenue", "country": "KY", "date": "2021-09-11T11:26:45.085Z", "delivery_cost": "0.50", "order_total": "5.00", "overall_cost": "5.50"}}, {"model": "checkout.order", "pk": 35, "fields": {"order_number": "8864B2490C494C51898EB4DE2EACD572", "user_profile": null, "name": "Jalop Moose", "email": "testaccount1789@mail.com", "phone": "857568354", "postcode": "12899", "town": "Denver", "address": "South Avenue", "country": "CO", "date": "2021-09-11T22:43:54.891Z", "delivery_cost": "0.50", "order_total": "5.00", "overall_cost": "5.50"}}, {"model": "checkout.orderitem", "pk": 18, "fields": {"order": 18, "product": 4, "quantity": 1, "item_total": "6.00"}}, {"model": "checkout.orderitem", "pk": 19, "fields": {"order": 19, "product": 3, "quantity": 1, "item_total": "5.00"}}, {"model": "checkout.orderitem", "pk": 20, "fields": {"order": 20, "product": 7, "quantity": 1, "item_total": "22.00"}}, {"model": "checkout.orderitem", "pk": 21, "fields": {"order": 21, "product": 5, "quantity": 1, "item_total": "25.00"}}, {"model": "checkout.orderitem", "pk": 22, "fields": {"order": 22, "product": 6, "quantity": 1, "item_total": "485.00"}}, {"model": "checkout.orderitem", "pk": 23, "fields": {"order": 23, "product": 10, "quantity": 1, "item_total": "200.00"}}, {"model": "checkout.orderitem", "pk": 24, "fields": {"order": 24, "product": 4, "quantity": 1, "item_total": "6.00"}}, {"model": "checkout.orderitem", "pk": 25, "fields": {"order": 25, "product": 3, "quantity": 1, "item_total": "5.00"}}, {"model": "checkout.orderitem", "pk": 26, "fields": {"order": 26, "product": 3, "quantity": 3, "item_total": "15.00"}}, {"model": "checkout.orderitem", "pk": 27, "fields": {"order": 27, "product": 4, "quantity": 1, "item_total": "6.00"}}, {"model": "checkout.orderitem", "pk": 28, "fields": {"order": 28, "product": 5, "quantity": 2, "item_total": "50.00"}}, {"model": "checkout.orderitem", "pk": 29, "fields": {"order": 29, "product": 4, "quantity": 1, "item_total": "6.00"}}, {"model": "checkout.orderitem", "pk": 30, "fields": {"order": 30, "product": 4, "quantity": 1, "item_total": "6.00"}}, {"model": "checkout.orderitem", "pk": 31, "fields": {"order": 31, "product": 4, "quantity": 1, "item_total": "6.00"}}, {"model": "checkout.orderitem", "pk": 32, "fields": {"order": 32, "product": 2, "quantity": 1, "item_total": "4.00"}}, {"model": "checkout.orderitem", "pk": 33, "fields": {"order": 33, "product": 7, "quantity": 1, "item_total": "22.00"}}, {"model": "checkout.orderitem", "pk": 34, "fields": {"order": 34, "product": 11, "quantity": 1, "item_total": "5.00"}}, {"model": "checkout.orderitem", "pk": 35, "fields": {"order": 35, "product": 3, "quantity": 1, "item_total": "5.00"}}, {"model": "profiles.profile", "pk": 1, "fields": {"user": 1, "default_phone": "+122388899", "default_postcode": "7890000", "default_town": "Denver", "default_address": "South Avenue", "default_country": "BH"}}, {"model": "profiles.profile", "pk": 2, "fields": {"user": 2, "default_phone": "+123456776767", "default_postcode": "12899", "default_town": "Denver", "default_address": "South Avenue", "default_country": "KY"}}]